replica,N,T_K,E_Vpm_0,Tstar_0,Estar_0,rho_star_0,L_star_0,alpha_ewald_0,mean_Estar_0,sd_Estar_time_0,mean_mz_0,acceptance_0,E_Vpm_E,Tstar_E,Estar_E,rho_star_E,L_star_E,alpha_ewald_E,mean_Estar_E,sd_Estar_time_E,mean_mz_E,acceptance_E,delta_E,pct_change,lower_energy
0,20,233.0,0.0,2.9796375237984467,0.0,0.8,2.924017738212866,2.735961514682715,-828.685824483604,27.44587123806164,-0.6782286294946211,0.65314,1000000000.0,2.9796375237984467,1.8084552985793736,0.8,2.924017738212866,2.735961514682715,-1006.7949442387044,33.89361023392405,0.7986773679910256,0.6354,-178.10911975510032,21.4929608414732,True
1,20,233.0,0.0,2.9796375237984467,0.0,0.8,2.924017738212866,2.735961514682715,-808.5759069129371,24.39516728259605,0.3273967861793729,0.65233,1000000000.0,2.9796375237984467,1.8084552985793736,0.8,2.924017738212866,2.735961514682715,-940.5897599277964,26.31720190867825,0.6152522070734527,0.65895,-132.01385301485936,16.326711182735487,True
2,20,233.0,0.0,2.9796375237984467,0.0,0.8,2.924017738212866,2.735961514682715,-833.1491570433786,23.56598300124883,-0.2855435176872561,0.64324,1000000000.0,2.9796375237984467,1.8084552985793736,0.8,2.924017738212866,2.735961514682715,-983.6248255780048,20.58623686967853,0.8314096353668581,0.63856,-150.47566853462615,18.06107192961986,True
3,20,233.0,0.0,2.9796375237984467,0.0,0.8,2.924017738212866,2.735961514682715,-799.7315802639267,26.893673492168308,-0.0469469671967556,0.65525997,1000000000.0,2.9796375237984467,1.8084552985793736,0.8,2.924017738212866,2.735961514682715,-974.9717007355262,23.730823750298335,0.8553448951600936,0.64763,-175.24012047159943,21.912367198725207,True
4,20,233.0,0.0,2.9796375237984467,0.0,0.8,2.924017738212866,2.735961514682715,-847.0983381176952,26.195991940737592,0.726391528243368,0.64778,1000000000.0,2.9796375237984467,1.8084552985793736,0.8,2.924017738212866,2.735961514682715,-967.5004010700378,24.716078184966385,0.8324325756513961,0.64642,-120.40206295234259,14.213469385370699,True
5,20,233.0,0.0,2.9796375237984467,0.0,0.8,2.924017738212866,2.735961514682715,-816.3875370916078,21.932424200831885,-0.5338772255407616,0.6495,1000000000.0,2.9796375237984467,1.8084552985793736,0.8,2.924017738212866,2.735961514682715,-972.9966405670414,28.64320124537049,0.7890465879746146,0.63491,-156.60910347543359,19.1831815602374,True
6,20,233.0,0.0,2.9796375237984467,0.0,0.8,2.924017738212866,2.735961514682715,-822.9316760861553,26.133936211302537,0.3910289961745967,0.65055996,1000000000.0,2.9796375237984467,1.8084552985793736,0.8,2.924017738212866,2.735961514682715,-977.8789772309228,26.11853359841388,0.8385276562882428,0.64142996,-154.9473011447675,18.82869570432547,True
7,20,233.0,0.0,2.9796375237984467,0.0,0.8,2.924017738212866,2.735961514682715,-855.391691681994,30.456606831338394,0.1545439186161159,0.64002,1000000000.0,2.9796375237984467,1.8084552985793736,0.8,2.924017738212866,2.735961514682715,-1014.806595077622,26.580075873510985,0.8140980747830571,0.62916,-159.41490339562802,18.636480216702076,True
0,50,233.0,0.0,2.9796375237984467,0.0,0.8,3.9685026299204975,2.015873679831797,-2061.3776979821955,41.20012933322345,0.2280758908940972,0.644556,1000000000.0,2.9796375237984467,1.8084552985793736,0.8,3.9685026299204975,2.015873679831797,-2492.7679768190183,38.755438626607535,0.8825034758603464,0.6328,-431.39027883682274,20.92727981189931,True
1,50,233.0,0.0,2.9796375237984467,0.0,0.8,3.9685026299204975,2.015873679831797,-2088.291091421092,40.64493452161484,-0.3092682576036478,0.642408,1000000000.0,2.9796375237984467,1.8084552985793736,0.8,3.9685026299204975,2.015873679831797,-2469.432905513111,47.14578419307309,0.8585291618715427,0.634208,-381.1418140920191,18.251373846193555,True
2,50,233.0,0.0,2.9796375237984467,0.0,0.8,3.9685026299204975,2.015873679831797,-2135.8857559950407,37.54326343710962,-0.5253908181617208,0.639392,1000000000.0,2.9796375237984467,1.8084552985793736,0.8,3.9685026299204975,2.015873679831797,-2475.9408496257824,38.869177650353805,0.8688273342898698,0.638012,-340.0550936307418,15.921033822912547,True
3,50,233.0,0.0,2.9796375237984467,0.0,0.8,3.9685026299204975,2.015873679831797,-2058.938585419318,35.72992618193052,0.4638765341190262,0.648292,1000000000.0,2.9796375237984467,1.8084552985793736,0.8,3.9685026299204975,2.015873679831797,-2533.8108534624416,38.10401557938218,0.8888589670732691,0.63286,-474.87226804312377,23.06393553484319,True
4,50,233.0,0.0,2.9796375237984467,0.0,0.8,3.9685026299204975,2.015873679831797,-2067.7669519457017,41.739059609651456,-0.3521636521526093,0.6464,1000000000.0,2.9796375237984467,1.8084552985793736,0.8,3.9685026299204975,2.015873679831797,-2468.9302855292303,41.17426666352892,0.8640256506096733,0.631428,-401.1633335835286,19.40080013398255,True
5,50,233.0,0.0,2.9796375237984467,0.0,0.8,3.9685026299204975,2.015873679831797,-2078.356988285825,44.7893337726633,-0.2413021738669754,0.641572,1000000000.0,2.9796375237984467,1.8084552985793736,0.8,3.9685026299204975,2.015873679831797,-2498.0358054042413,41.29203520634725,0.8716109188552451,0.6281,-419.6788171184162,20.19281670491826,True
6,50,233.0,0.0,2.9796375237984467,0.0,0.8,3.9685026299204975,2.015873679831797,-2052.04287006642,33.197314689479,0.1080622297751776,0.645056,1000000000.0,2.9796375237984467,1.8084552985793736,0.8,3.9685026299204975,2.015873679831797,-2534.323073844026,42.99367895915202,0.876336577399097,0.630184,-482.28020377760595,23.502442897891093,True
7,50,233.0,0.0,2.9796375237984467,0.0,0.8,3.9685026299204975,2.015873679831797,-2097.9234576847457,43.86709534031604,0.5443177581728769,0.641292,1000000000.0,2.9796375237984467,1.8084552985793736,0.8,3.9685026299204975,2.015873679831797,-2479.734096845026,44.35386758273952,0.8788678023130387,0.641268,-381.8106391602805,18.199455168952838,True
0,100,233.0,0.0,2.9796375237984467,0.0,0.8,4.999999999999999,1.6000000000000003,-4125.379770785891,48.75771434681913,-0.0686389698163344,0.642942,1000000000.0,2.9796375237984467,1.8084552985793736,0.8,4.999999999999999,1.6000000000000003,-5031.009356303212,60.18375157447419,0.8898659889870367,0.6348,-905.6295855173212,21.952635535050327,True
1,100,233.0,0.0,2.9796375237984467,0.0,0.8,4.999999999999999,1.6000000000000003,-4123.114214352753,62.0075943262199,0.0897716009373546,0.643632,1000000000.0,2.9796375237984467,1.8084552985793736,0.8,4.999999999999999,1.6000000000000003,-5023.542514079608,74.84195155681232,0.8874043184228139,0.635928,-900.4282997268547,21.83854855614772,True
2,100,233.0,0.0,2.9796375237984467,0.0,0.8,4.999999999999999,1.6000000000000003,-4158.489854336002,60.47543266479381,-0.296267516668186,0.645828,1000000000.0,2.9796375237984467,1.8084552985793736,0.8,4.999999999999999,1.6000000000000003,-4967.629837693215,63.517092167764304,0.8787940494799047,0.638016,-809.1399833572132,19.457543764680192,True
3,100,233.0,0.0,2.9796375237984467,0.0,0.8,4.999999999999999,1.6000000000000003,-4067.739868590722,61.65156260734063,0.1546564615064496,0.64487,1000000000.0,2.9796375237984467,1.8084552985793736,0.8,4.999999999999999,1.6000000000000003,-4994.519476723065,82.71862771741179,0.8902744723641726,0.635718,-926.7796081323431,22.783649841734547,True
4,100,233.0,0.0,2.9796375237984467,0.0,0.8,4.999999999999999,1.6000000000000003,-4103.20703229179,47.15656666620912,-0.0028810379524303,0.646998,1000000000.0,2.9796375237984467,1.8084552985793736,0.8,4.999999999999999,1.6000000000000003,-5038.552860073621,90.6500925174416,0.8977116099443172,0.634084,-935.3458277818308,22.795482178226976,True
5,100,233.0,0.0,2.9796375237984467,0.0,0.8,4.999999999999999,1.6000000000000003,-4104.670811445972,55.27781230880773,0.2552782071486592,0.644246,1000000000.0,2.9796375237984467,1.8084552985793736,0.8,4.999999999999999,1.6000000000000003,-4996.356844363439,56.267993674279296,0.8689848761836407,0.63439,-891.6860329174679,21.723691713132762,True
6,100,233.0,0.0,2.9796375237984467,0.0,0.8,4.999999999999999,1.6000000000000003,-4118.964557116529,52.186438152081,0.0610449290568728,0.646754,1000000000.0,2.9796375237984467,1.8084552985793736,0.8,4.999999999999999,1.6000000000000003,-4971.748504346228,57.84807472884548,0.8762014054167927,0.639528,-852.7839472296992,20.70384280817139,True
7,100,233.0,0.0,2.9796375237984467,0.0,0.8,4.999999999999999,1.6000000000000003,-4207.633824432814,52.45693752764207,-0.1689712542923845,0.640366,1000000000.0,2.9796375237984467,1.8084552985793736,0.8,4.999999999999999,1.6000000000000003,-5068.915680247455,53.35814857134669,0.902611831619598,0.631488,-861.281855814641,20.469505944489857,True
0,20,253.0,0.0,3.235400401377712,0.0,0.8,2.924017738212866,2.735961514682715,-783.0415545290126,25.4475834090016,0.2094888376856242,0.67629,1000000000.0,3.235400401377712,1.8084552985793736,0.8,2.924017738212866,2.735961514682715,-945.0865755300032,25.772535475736703,0.8095630990285406,0.66899997,-162.04502100099057,20.694306715108898,True
1,20,253.0,0.0,3.235400401377712,0.0,0.8,2.924017738212866,2.735961514682715,-787.9085655840141,27.5921627592618,0.322847094123275,0.66708,1000000000.0,3.235400401377712,1.8084552985793736,0.8,2.924017738212866,2.735961514682715,-961.6569779244118,33.739218518351834,0.8117447276353941,0.64862,-173.74841234039764,22.051849659942675,True
2,20,253.0,0.0,3.235400401377712,0.0,0.8,2.924017738212866,2.735961514682715,-821.8757214479401,23.886678197309493,-0.1542973558663155,0.65854,1000000000.0,3.235400401377712,1.8084552985793736,0.8,2.924017738212866,2.735961514682715,-974.6416439147469,25.213138070880188,0.8507358803812669,0.66113997,-152.76592246680673,18.5874723489424,True
3,20,253.0,0.0,3.235400401377712,0.0,0.8,2.924017738212866,2.735961514682715,-803.046545286347,28.77940846877788,-0.3676995973791427,0.66534996,1000000000.0,3.235400401377712,1.8084552985793736,0.8,2.924017738212866,2.735961514682715,-955.7673414807668,27.14174761578191,0.8452627416537747,0.66126996,-152.7207961944198,19.017676757449124,True
4,20,253.0,0.0,3.235400401377712,0.0,0.8,2.924017738212866,2.735961514682715,-810.8611115422486,32.58961786444359,0.6474935723072326,0.66971,1000000000.0,3.235400401377712,1.8084552985793736,0.8,2.924017738212866,2.735961514682715,-944.8395580640854,26.581125496015623,0.8421711166106043,0.66466,-133.97844652183676,16.522983358643415,True
5,20,253.0,0.0,3.235400401377712,0.0,0.8,2.924017738212866,2.735961514682715,-809.0241309628082,25.47980551508553,-0.2975336662928802,0.65813,1000000000.0,3.235400401377712,1.8084552985793736,0.8,2.924017738212866,2.735961514682715,-952.0134017338548,22.659939437167576,0.8364085527949037,0.66740996,-142.98927077104668,17.6742899622632,True
6,20,253.0,0.0,3.235400401377712,0.0,0.8,2.924017738212866,2.735961514682715,-841.8277363589626,38.5857436405439,-0.002870809383971,0.6606,1000000000.0,3.235400401377712,1.8084552985793736,0.8,2.924017738212866,2.735961514682715,-958.8575594762248,27.07988444189445,0.8498156158787428,0.66178,-117.02982311726214,13.901873039184302,True
7,20,253.0,0.0,3.235400401377712,0.0,0.8,2.924017738212866,2.735961514682715,-802.0889550478097,30.71099820730861,0.4525931004620004,0.66971,1000000000.0,3.235400401377712,1.8084552985793736,0.8,2.924017738212866,2.735961514682715,-953.382262850455,26.195253560625986,0.8227564497242487,0.65731,-151.29330780264536,18.862410066926717,True
0,50,253.0,0.0,3.235400401377712,0.0,0.8,3.9685026299204975,2.015873679831797,-1993.4077813729537,39.41910024771028,0.1605568750028246,0.660484,1000000000.0,3.235400401377712,1.8084552985793736,0.8,3.9685026299204975,2.015873679831797,-2433.759521805945,42.58704665555334,0.8684176483393361,0.650164,-440.3517404329914,22.090399392827713,True
1,50,253.0,0.0,3.235400401377712,0.0,0.8,3.9685026299204975,2.015873679831797,-2033.1982247600747,35.561550329580044,-0.1038170554087577,0.660956,1000000000.0,3.235400401377712,1.8084552985793736,0.8,3.9685026299204975,2.015873679831797,-2444.626961224425,53.59881642618498,0.8572862166592699,0.649912,-411.4287364643503,20.23554474197421,True
2,50,253.0,0.0,3.235400401377712,0.0,0.8,3.9685026299204975,2.015873679831797,-2019.4824601345945,44.16604953203531,-0.0459010738472282,0.657456,1000000000.0,3.235400401377712,1.8084552985793736,0.8,3.9685026299204975,2.015873679831797,-2411.0455820065627,44.38278995775054,0.8509038416834931,0.649512,-391.5631218719682,19.38928064994787,True
3,50,253.0,0.0,3.235400401377712,0.0,0.8,3.9685026299204975,2.015873679831797,-2025.4900846435671,45.01614239099752,0.0851768359914076,0.662144,1000000000.0,3.235400401377712,1.8084552985793736,0.8,3.9685026299204975,2.015873679831797,-2428.6469941703017,43.29554123020736,0.8702664504418195,0.652884,-403.1569095267346,19.904166037805098,True
4,50,253.0,0.0,3.235400401377712,0.0,0.8,3.9685026299204975,2.015873679831797,-2033.819641515773,50.46017479966579,-0.4788151667285038,0.659756,1000000000.0,3.235400401377712,1.8084552985793736,0.8,3.9685026299204975,2.015873679831797,-2447.116175865736,62.06333792518833,0.872898912136718,0.649336,-413.29653434996294,20.321198886738046,True
5,50,253.0,0.0,3.235400401377712,0.0,0.8,3.9685026299204975,2.015873679831797,-1988.7476829032648,43.40431007605759,-0.0053237782411014,0.659904,1000000000.0,3.235400401377712,1.8084552985793736,0.8,3.9685026299204975,2.015873679831797,-2440.5590374209664,42.35978836281247,0.8741131901482015,0.650684,-451.8113545177016,22.71838496164213,True
6,50,253.0,0.0,3.235400401377712,0.0,0.8,3.9685026299204975,2.015873679831797,-2027.312220362296,41.08191192615087,0.1513874959365474,0.658836,1000000000.0,3.235400401377712,1.8084552985793736,0.8,3.9685026299204975,2.015873679831797,-2415.4350975581347,40.92413107086213,0.8254747947503766,0.649828,-388.12287719583856,19.144701703937738,True
7,50,253.0,0.0,3.235400401377712,0.0,0.8,3.9685026299204975,2.015873679831797,-2024.1993426183788,40.37069456938798,0.277711785039581,0.658116,1000000000.0,3.235400401377712,1.8084552985793736,0.8,3.9685026299204975,2.015873679831797,-2441.5995947094416,50.52308386635888,0.8778744246857125,0.645304,-417.40025209106284,20.620511196843875,True
0,100,253.0,0.0,3.235400401377712,0.0,0.8,4.999999999999999,1.6000000000000003,-3965.471196663105,59.77679722990802,0.0738772146555662,0.662824,1000000000.0,3.235400401377712,1.8084552985793736,0.8,4.999999999999999,1.6000000000000003,-4875.413111893146,83.99825396862504,0.861208128925013,0.652736,-909.9419152300416,22.94662778021806,True
1,100,253.0,0.0,3.235400401377712,0.0,0.8,4.999999999999999,1.6000000000000003,-4011.363115428217,63.86235539789941,0.1374472721097452,0.657122,1000000000.0,3.235400401377712,1.8084552985793736,0.8,4.999999999999999,1.6000000000000003,-4955.6041051705815,67.66178384217024,0.8864954145241677,0.650708,-944.2409897423645,23.5391552091281,True
2,100,253.0,0.0,3.235400401377712,0.0,0.8,4.999999999999999,1.6000000000000003,-4015.7762974181455,55.24613181477821,-0.154320348792903,0.66274,1000000000.0,3.235400401377712,1.8084552985793736,0.8,4.999999999999999,1.6000000000000003,-4840.59090593543,76.36840843136903,0.8657218337951037,0.65409,-824.8146085172843,20.539356463844378,True
3,100,253.0,0.0,3.235400401377712,0.0,0.8,4.999999999999999,1.6000000000000003,-4026.199167012896,64.79418932610594,-0.1122782310049864,0.659956,1000000000.0,3.235400401377712,1.8084552985793736,0.8,4.999999999999999,1.6000000000000003,-4918.066412570956,65.87910027502255,0.8796646293135505,0.65074,-891.8672455580604,22.151592818984945,True
4,100,253.0,0.0,3.235400401377712,0.0,0.8,4.999999999999999,1.6000000000000003,-4001.285245111438,63.93342300257814,-0.1409137827045237,0.664208,1000000000.0,3.235400401377712,1.8084552985793736,0.8,4.999999999999999,1.6000000000000003,-4896.991714692258,75.37012353783214,0.8707160379685347,0.653446,-895.7064695808199,22.3854690358591,True
5,100,253.0,0.0,3.235400401377712,0.0,0.8,4.999999999999999,1.6000000000000003,-4065.6657030302094,53.21689456882849,0.2832541728031357,0.656608,1000000000.0,3.235400401377712,1.8084552985793736,0.8,4.999999999999999,1.6000000000000003,-4936.543618194596,110.52223913906552,0.8834037128273534,0.653716,-870.8779151643866,21.42030306415273,True
6,100,253.0,0.0,3.235400401377712,0.0,0.8,4.999999999999999,1.6000000000000003,-4011.09075555773,74.46566396484005,0.121835873352264,0.663092,1000000000.0,3.235400401377712,1.8084552985793736,0.8,4.999999999999999,1.6000000000000003,-4890.365553010394,84.94167696470451,0.8760987522977128,0.652664,-879.2747974526642,21.921089574808278,True
7,100,253.0,0.0,3.235400401377712,0.0,0.8,4.999999999999999,1.6000000000000003,-4032.251869313544,51.88102440257954,0.052374848205512,0.657936,1000000000.0,3.235400401377712,1.8084552985793736,0.8,4.999999999999999,1.6000000000000003,-4909.961604247834,77.09360185641503,0.879893573311737,0.653334,-877.7097349342898,21.767234869772963,True
0,20,273.0,0.0,3.491163278956978,0.0,0.8,2.924017738212866,2.735961514682715,-786.3556783022116,27.661313311351137,-0.5851103218896273,0.67772,1000000000.0,3.491163278956978,1.8084552985793736,0.8,2.924017738212866,2.735961514682715,-932.3852890584202,31.370182207499763,0.820594466607219,0.68122,-146.02961075620863,18.570427452306976,True
1,20,273.0,0.0,3.491163278956978,0.0,0.8,2.924017738212866,2.735961514682715,-785.6543946825923,30.21436771394717,-0.1647658416020764,0.67789,1000000000.0,3.491163278956978,1.8084552985793736,0.8,2.924017738212866,2.735961514682715,-943.9222220824724,26.20743233470129,0.8542335026114726,0.67116,-158.26782739988016,20.14471356248456,True
2,20,273.0,0.0,3.491163278956978,0.0,0.8,2.924017738212866,2.735961514682715,-776.9359005472736,30.40322327588007,0.3338099316831516,0.68191,1000000000.0,3.491163278956978,1.8084552985793736,0.8,2.924017738212866,2.735961514682715,-947.2222824391152,32.19024073675152,0.8417234789859352,0.67188,-170.28638189184164,21.91768738861107,True
3,20,273.0,0.0,3.491163278956978,0.0,0.8,2.924017738212866,2.735961514682715,-765.3846495991464,24.57668765681564,0.2265710852022957,0.68583,1000000000.0,3.491163278956978,1.8084552985793736,0.8,2.924017738212866,2.735961514682715,-925.9663787534508,27.24918698784372,0.7947673405813911,0.67284,-160.5817291543044,20.980526489315615,True
4,20,273.0,0.0,3.491163278956978,0.0,0.8,2.924017738212866,2.735961514682715,-797.5803655971803,28.410974752148626,0.5365095716466162,0.67511,1000000000.0,3.491163278956978,1.8084552985793736,0.8,2.924017738212866,2.735961514682715,-937.8115474156192,36.08837099027746,0.843289088457186,0.67823,-140.23118181843893,17.582075470657085,True
5,20,273.0,0.0,3.491163278956978,0.0,0.8,2.924017738212866,2.735961514682715,-793.194801170202,26.891774228727023,-0.1160625060117834,0.67805,1000000000.0,3.491163278956978,1.8084552985793736,0.8,2.924017738212866,2.735961514682715,-950.3068045389248,28.76754091030668,0.8661319970838329,0.67421997,-157.11200336872275,19.80749282987421,True
6,20,273.0,0.0,3.491163278956978,0.0,0.8,2.924017738212866,2.735961514682715,-824.8588806823811,36.74614752609392,0.2286881289441233,0.68099,1000000000.0,3.491163278956978,1.8084552985793736,0.8,2.924017738212866,2.735961514682715,-931.099176040894,32.78877980718189,0.7977240960664035,0.6728,-106.24029535851287,12.8798146988032,True
7,20,273.0,0.0,3.491163278956978,0.0,0.8,2.924017738212866,2.735961514682715,-789.6111921791347,35.260614803647464,-0.1487150253559302,0.67899996,1000000000.0,3.491163278956978,1.8084552985793736,0.8,2.924017738212866,2.735961514682715,-933.2643886160868,32.66386620409181,0.8343066689755455,0.67056,-143.65319643695204,18.19290276781718,True
0,50,273.0,0.0,3.491163278956978,0.0,0.8,3.9685026299204975,2.015873679831797,-1957.4182265344757,45.38119239914786,-0.1489869851973185,0.674336,1000000000.0,3.491163278956978,1.8084552985793736,0.8,3.9685026299204975,2.015873679831797,-2359.713123226208,42.76939824430118,0.8481945110297153,0.668616,-402.29489669173245,20.552321994261703,True
1,50,273.0,0.0,3.491163278956978,0.0,0.8,3.9685026299204975,2.015873679831797,-1931.2584767153796,43.00407735862834,0.1259417357995928,0.677128,1000000000.0,3.491163278956978,1.8084552985793736,0.8,3.9685026299204975,2.015873679831797,-2379.556178964873,53.47510908314227,0.8712167574239456,0.667968,-448.29770224949357,23.21272412028158,True
2,50,273.0,0.0,3.491163278956978,0.0,0.8,3.9685026299204975,2.015873679831797,-1947.6751507016363,44.28921235161149,-0.1833721305947439,0.676604,1000000000.0,3.491163278956978,1.8084552985793736,0.8,3.9685026299204975,2.015873679831797,-2408.9700645244657,45.15770327334641,0.8593675089410816,0.6611,-461.29491382282936,23.684386672831508,True
3,50,273.0,0.0,3.491163278956978,0.0,0.8,3.9685026299204975,2.015873679831797,-1980.0562136381968,41.49264210357744,0.4311714408884722,0.674528,1000000000.0,3.491163278956978,1.8084552985793736,0.8,3.9685026299204975,2.015873679831797,-2390.6556001370245,48.78029647891212,0.8591110937273163,0.664088,-410.5993864988277,20.736754020956997,True
4,50,273.0,0.0,3.491163278956978,0.0,0.8,3.9685026299204975,2.015873679831797,-1945.569109148722,50.85170112135084,-0.1447880542506949,0.673916,1000000000.0,3.491163278956978,1.8084552985793736,0.8,3.9685026299204975,2.015873679831797,-2370.497156650982,48.548999460784856,0.8507628593271072,0.669224,-424.92804750226014,21.840809740661754,True
5,50,273.0,0.0,3.491163278956978,0.0,0.8,3.9685026299204975,2.015873679831797,-1924.2418727306551,39.1480254249854,0.0035876616097632,0.678424,1000000000.0,3.491163278956978,1.8084552985793736,0.8,3.9685026299204975,2.015873679831797,-2371.183481124589,46.36125739982276,0.8440223416869173,0.668092,-446.94160839393385,23.226893392548803,True
6,50,273.0,0.0,3.491163278956978,0.0,0.8,3.9685026299204975,2.015873679831797,-1963.240553996745,54.66067220262998,0.1992364491872328,0.672772,1000000000.0,3.491163278956978,1.8084552985793736,0.8,3.9685026299204975,2.015873679831797,-2409.6572629898374,46.95738465807096,0.8685880465649664,0.664204,-446.41670899309247,22.7387677014048,True
7,50,273.0,0.0,3.491163278956978,0.0,0.8,3.9685026299204975,2.015873679831797,-1945.274071386552,44.18604377602941,0.18972530741354,0.676016,1000000000.0,3.491163278956978,1.8084552985793736,0.8,3.9685026299204975,2.015873679831797,-2392.797963167537,52.08855375789647,0.8664084982132385,0.667696,-447.5238917809852,23.0056987014688,True
0,100,273.0,0.0,3.491163278956978,0.0,0.8,4.999999999999999,1.6000000000000003,-3890.988614505968,66.15331679378365,-0.0073786182356442,0.67739,1000000000.0,3.491163278956978,1.8084552985793736,0.8,4.999999999999999,1.6000000000000003,-4807.789087124722,75.41298800773136,0.8701223345791692,0.66737,-916.8004726187537,23.56214739875712,True
1,100,273.0,0.0,3.491163278956978,0.0,0.8,4.999999999999999,1.6000000000000003,-3884.111527713442,61.74856668222126,-0.0367079960744048,0.674678,1000000000.0,3.491163278956978,1.8084552985793736,0.8,4.999999999999999,1.6000000000000003,-4818.44591605277,71.15395556254393,0.8642049673270992,0.664334,-934.3343883393286,24.055292482535044,True
2,100,273.0,0.0,3.491163278956978,0.0,0.8,4.999999999999999,1.6000000000000003,-3945.471782808241,58.31581099884684,-0.0687966999225277,0.67488,1000000000.0,3.491163278956978,1.8084552985793736,0.8,4.999999999999999,1.6000000000000003,-4782.0713765736045,84.82939574960734,0.8582936318284485,0.666064,-836.5995937653634,21.20404453050993,True
3,100,273.0,0.0,3.491163278956978,0.0,0.8,4.999999999999999,1.6000000000000003,-3950.544530780877,60.64360390910875,-0.0019873857378881,0.670194,1000000000.0,3.491163278956978,1.8084552985793736,0.8,4.999999999999999,1.6000000000000003,-4817.581704825525,71.43340048709338,0.8721513263659865,0.666506,-867.037174044648,21.947282641394928,True
4,100,273.0,0.0,3.491163278956978,0.0,0.8,4.999999999999999,1.6000000000000003,-3892.641021575993,71.71691636184615,0.0581889722429985,0.67542,1000000000.0,3.491163278956978,1.8084552985793736,0.8,4.999999999999999,1.6000000000000003,-4806.505873131247,72.07249812326968,0.8717227083901823,0.668834,-913.8648515552545,23.476730746295814,True
5,100,273.0,0.0,3.491163278956978,0.0,0.8,4.999999999999999,1.6000000000000003,-3912.517613771197,58.40554345247242,0.2659853153703113,0.676744,1000000000.0,3.491163278956978,1.8084552985793736,0.8,4.999999999999999,1.6000000000000003,-4837.699520110417,59.75116540851382,0.8756665278925898,0.665472,-925.1819063392204,23.646715431587698,True
6,100,273.0,0.0,3.491163278956978,0.0,0.8,4.999999999999999,1.6000000000000003,-3893.802415177542,73.18162087380385,0.1340773442004089,0.677396,1000000000.0,3.491163278956978,1.8084552985793736,0.8,4.999999999999999,1.6000000000000003,-4773.239594879479,70.79835658213817,0.8621641096731767,0.668084,-879.4371797019371,22.58556254097547,True
7,100,273.0,0.0,3.491163278956978,0.0,0.8,4.999999999999999,1.6000000000000003,-3921.173317068908,66.58062919765591,0.018509220431627,0.675168,1000000000.0,3.491163278956978,1.8084552985793736,0.8,4.999999999999999,1.6000000000000003,-4798.376459301741,63.84257705812904,0.8674240252957804,0.667408,-877.2031422328332,22.370935209988268,True
0,20,293.0,0.0,3.746926156536244,0.0,0.8,2.924017738212866,2.735961514682715,-746.7524880690363,27.80777460471937,-0.256041894329382,0.70057,1000000000.0,3.746926156536244,1.8084552985793736,0.8,2.924017738212866,2.735961514682715,-919.1140594192764,34.756647728129145,0.8222746735969584,0.68812,-172.36157135024007,23.081486048467706,True
1,20,293.0,0.0,3.746926156536244,0.0,0.8,2.924017738212866,2.735961514682715,-747.4304141960464,29.240472369455794,-0.2517279517330757,0.69364,1000000000.0,3.746926156536244,1.8084552985793736,0.8,2.924017738212866,2.735961514682715,-905.935881770246,30.458351156903323,0.8340893241094857,0.69469,-158.50546757419966,21.20671898864215,True
2,20,293.0,0.0,3.746926156536244,0.0,0.8,2.924017738212866,2.735961514682715,-775.3202549263655,31.890728091421728,-0.2779643496172569,0.68926996,1000000000.0,3.746926156536244,1.8084552985793736,0.8,2.924017738212866,2.735961514682715,-919.2030879489464,29.908870745099357,0.8181090667597286,0.68856996,-143.88283302258094,18.557858137763464,True
3,20,293.0,0.0,3.746926156536244,0.0,0.8,2.924017738212866,2.735961514682715,-748.3456458637419,31.6553766305453,0.2357174150249028,0.69554996,1000000000.0,3.746926156536244,1.8084552985793736,0.8,2.924017738212866,2.735961514682715,-921.0590788701396,30.43804486097985,0.8196055043190785,0.68367,-172.71343300639774,23.079366327714997,True
4,20,293.0,0.0,3.746926156536244,0.0,0.8,2.924017738212866,2.735961514682715,-754.2035239208946,28.913247024978546,0.2994293189079354,0.69602,1000000000.0,3.746926156536244,1.8084552985793736,0.8,2.924017738212866,2.735961514682715,-929.9114763279416,26.26320623257657,0.8381470031740457,0.68726,-175.70795240704706,23.29715346510054,True
5,20,293.0,0.0,3.746926156536244,0.0,0.8,2.924017738212866,2.735961514682715,-756.2082982493273,28.2641802156684,-0.2649769184392311,0.69674,1000000000.0,3.746926156536244,1.8084552985793736,0.8,2.924017738212866,2.735961514682715,-922.5132830355944,42.40128632706909,0.8092129889280631,0.68715,-166.30498478626714,21.991954488105236,True
6,20,293.0,0.0,3.746926156536244,0.0,0.8,2.924017738212866,2.735961514682715,-767.1660761788074,29.66043047823413,0.4436028788879245,0.7021,1000000000.0,3.746926156536244,1.8084552985793736,0.8,2.924017738212866,2.735961514682715,-923.1785902161312,35.947743982587355,0.8335965108014889,0.69231,-156.01251403732374,20.336211269196045,True
7,20,293.0,0.0,3.746926156536244,0.0,0.8,2.924017738212866,2.735961514682715,-756.2840685465111,35.74979271761364,0.221845206895085,0.68985,1000000000.0,3.746926156536244,1.8084552985793736,0.8,2.924017738212866,2.735961514682715,-904.3402773382164,35.16443292539265,0.8072741868495238,0.68992,-148.05620879170533,19.576798579963732,True
0,50,293.0,0.0,3.746926156536244,0.0,0.8,3.9685026299204975,2.015873679831797,-1916.494817828064,41.25871180321695,-0.0170796287380044,0.685612,1000000000.0,3.746926156536244,1.8084552985793736,0.8,3.9685026299204975,2.015873679831797,-2344.314411484296,55.16008411149933,0.8546036927573214,0.67868,-427.8195936562322,22.32302376591208,True
1,50,293.0,0.0,3.746926156536244,0.0,0.8,3.9685026299204975,2.015873679831797,-1920.1769256298128,51.56830364841736,-0.1044748464693415,0.682308,1000000000.0,3.746926156536244,1.8084552985793736,0.8,3.9685026299204975,2.015873679831797,-2339.067232498905,55.29984413388553,0.8409571856230963,0.67756,-418.8903068690922,21.815193239638443,True
2,50,293.0,0.0,3.746926156536244,0.0,0.8,3.9685026299204975,2.015873679831797,-1922.9284895944825,44.41556649770236,-0.212619310893281,0.689636,1000000000.0,3.746926156536244,1.8084552985793736,0.8,3.9685026299204975,2.015873679831797,-2317.646843031242,49.59588109730059,0.806532317030299,0.679756,-394.71835343675957,20.526938758913488,True
3,50,293.0,0.0,3.746926156536244,0.0,0.8,3.9685026299204975,2.015873679831797,-1938.1046791548524,50.42810927618884,0.4088184121496734,0.688576,1000000000.0,3.746926156536244,1.8084552985793736,0.8,3.9685026299204975,2.015873679831797,-2323.8979002566243,43.87084404337055,0.8378611810932645,0.680728,-385.7932211017719,19.905695768197848,True
4,50,293.0,0.0,3.746926156536244,0.0,0.8,3.9685026299204975,2.015873679831797,-1928.5830219125703,45.09102487012688,-0.0975643947022754,0.688,1000000000.0,3.746926156536244,1.8084552985793736,0.8,3.9685026299204975,2.015873679831797,-2307.229611908958,47.542325930682296,0.8435135156764246,0.682188,-378.64658999638755,19.63340886517215,True
5,50,293.0,0.0,3.746926156536244,0.0,0.8,3.9685026299204975,2.015873679831797,-1935.2871175362636,46.57744715008265,0.1416230935089392,0.686264,1000000000.0,3.746926156536244,1.8084552985793736,0.8,3.9685026299204975,2.015873679831797,-2332.557844531349,55.29025209347165,0.8320804678588596,0.679136,-397.2707269950854,20.527740994878055,True
6,50,293.0,0.0,3.746926156536244,0.0,0.8,3.9685026299204975,2.015873679831797,-1922.5527705911104,50.18942768013556,0.4116572043330788,0.686848,1000000000.0,3.746926156536244,1.8084552985793736,0.8,3.9685026299204975,2.015873679831797,-2300.099538197061,71.62633307384694,0.8177383039338172,0.682188,-377.54676760595066,19.637784376127666,True
7,50,293.0,0.0,3.746926156536244,0.0,0.8,3.9685026299204975,2.015873679831797,-1944.43822339746,44.638009829463535,0.4482211499003223,0.684176,1000000000.0,3.746926156536244,1.8084552985793736,0.8,3.9685026299204975,2.015873679831797,-2318.141009239522,50.9442645572025,0.8303269838031865,0.677972,-373.7027858420622,19.21906190411657,True
0,100,293.0,0.0,3.746926156536244,0.0,0.8,4.999999999999999,1.6000000000000003,-3813.622132259985,62.520006959887546,-0.0222393491585649,0.688562,1000000000.0,3.746926156536244,1.8084552985793736,0.8,4.999999999999999,1.6000000000000003,-4721.109453220543,84.52540827206079,0.854956020336825,0.67727,-907.4873209605585,23.79594226926656,True
1,100,293.0,0.0,3.746926156536244,0.0,0.8,4.999999999999999,1.6000000000000003,-3801.0127627285674,78.83541980133401,0.2712221571788667,0.687162,1000000000.0,3.746926156536244,1.8084552985793736,0.8,4.999999999999999,1.6000000000000003,-4673.882963853555,72.1584099641562,0.8522731297769689,0.682354,-872.870201124988,22.964148126100888,True
2,100,293.0,0.0,3.746926156536244,0.0,0.8,4.999999999999999,1.6000000000000003,-3859.453269638655,62.85310903711189,-0.0062658231466817,0.688092,1000000000.0,3.746926156536244,1.8084552985793736,0.8,4.999999999999999,1.6000000000000003,-4668.459598681528,66.48570934586061,0.8615694638237347,0.682558,-809.0063290428734,20.961682200096114,True
3,100,293.0,0.0,3.746926156536244,0.0,0.8,4.999999999999999,1.6000000000000003,-3813.908196327114,64.11159405587064,-0.2805295916409849,0.68903,1000000000.0,3.746926156536244,1.8084552985793736,0.8,4.999999999999999,1.6000000000000003,-4692.973211646505,64.61337596049677,0.8651060136437468,0.682742,-879.0650153193906,23.048929603653054,True
4,100,293.0,0.0,3.746926156536244,0.0,0.8,4.999999999999999,1.6000000000000003,-3814.653594079248,63.264845456476266,-0.0974373160170987,0.690328,1000000000.0,3.746926156536244,1.8084552985793736,0.8,4.999999999999999,1.6000000000000003,-4665.705058647622,60.73405646510388,0.8499243476821391,0.683246,-851.0514645683738,22.310058923549363,True
5,100,293.0,0.0,3.746926156536244,0.0,0.8,4.999999999999999,1.6000000000000003,-3826.3880339593375,67.6136576097115,0.0197131250554114,0.685018,1000000000.0,3.746926156536244,1.8084552985793736,0.8,4.999999999999999,1.6000000000000003,-4694.394820815755,65.19597080337194,0.8517071578802968,0.67944,-868.0067868564179,22.684755940924575,True
6,100,293.0,0.0,3.746926156536244,0.0,0.8,4.999999999999999,1.6000000000000003,-3824.62927796872,70.91993997928765,0.0606545543524191,0.689328,1000000000.0,3.746926156536244,1.8084552985793736,0.8,4.999999999999999,1.6000000000000003,-4700.356683898653,67.2596844315617,0.8597132664769176,0.68022,-875.7274059299325,22.897053342514695,True
7,100,293.0,0.0,3.746926156536244,0.0,0.8,4.999999999999999,1.6000000000000003,-3807.4616499250938,69.34907318347575,0.0753659522564522,0.687302,1000000000.0,3.746926156536244,1.8084552985793736,0.8,4.999999999999999,1.6000000000000003,-4692.256251281153,62.64794899894176,0.8512615840461875,0.680678,-884.794601356059,23.238437644499086,True
0,20,313.0,0.0,4.00268903411551,0.0,0.8,2.924017738212866,2.735961514682715,-761.8780672993083,31.651338863630837,-0.1075840805733002,0.70355,1000000000.0,4.00268903411551,1.8084552985793736,0.8,2.924017738212866,2.735961514682715,-891.1557754477311,35.74814347153987,0.7949110563814393,0.70186996,-129.2777081484228,16.96829370698176,True
1,20,313.0,0.0,4.00268903411551,0.0,0.8,2.924017738212866,2.735961514682715,-749.7319686806318,33.63652714181313,0.1474612140804275,0.70697,1000000000.0,4.00268903411551,1.8084552985793736,0.8,2.924017738212866,2.735961514682715,-891.6367665948372,35.83882194586994,0.8121078147333249,0.70127,-141.90479791420546,18.927403904615087,True
2,20,313.0,0.0,4.00268903411551,0.0,0.8,2.924017738212866,2.735961514682715,-756.7618407913402,27.266038266673835,-0.1795124924066094,0.69644,1000000000.0,4.00268903411551,1.8084552985793736,0.8,2.924017738212866,2.735961514682715,-913.1806281733896,32.598331310365694,0.8140172741760267,0.69172996,-156.41878738204935,20.669486613976648,True
3,20,313.0,0.0,4.00268903411551,0.0,0.8,2.924017738212866,2.735961514682715,-750.8544526346333,37.25700072472728,0.2297784935034455,0.70067,1000000000.0,4.00268903411551,1.8084552985793736,0.8,2.924017738212866,2.735961514682715,-893.5402489835311,28.40133087868531,0.7858743441428587,0.69701,-142.68579634889784,19.003123154991655,True
4,20,313.0,0.0,4.00268903411551,0.0,0.8,2.924017738212866,2.735961514682715,-752.9692757678349,31.415576819094,0.4734468257856256,0.70651996,1000000000.0,4.00268903411551,1.8084552985793736,0.8,2.924017738212866,2.735961514682715,-893.9566312060352,37.98849715577541,0.7646747941682714,0.69816,-140.98735543820032,18.724184369200124,True
5,20,313.0,0.0,4.00268903411551,0.0,0.8,2.924017738212866,2.735961514682715,-749.6985170807679,35.93077502825841,-0.2339664199144959,0.70425,1000000000.0,4.00268903411551,1.8084552985793736,0.8,2.924017738212866,2.735961514682715,-907.033208837996,32.45182477962466,0.835232530615581,0.69628,-157.33469175722803,20.986394953783503,True
6,20,313.0,0.0,4.00268903411551,0.0,0.8,2.924017738212866,2.735961514682715,-761.385595830674,34.533296111029934,0.1678712291991698,0.70326996,1000000000.0,4.00268903411551,1.8084552985793736,0.8,2.924017738212866,2.735961514682715,-900.3036138482321,29.021934719361504,0.8113133722829305,0.70342,-138.9180180175581,18.24542239546811,True
7,20,313.0,0.0,4.00268903411551,0.0,0.8,2.924017738212866,2.735961514682715,-737.7207314322872,27.135879457934603,-0.0277857685158255,0.70883,1000000000.0,4.00268903411551,1.8084552985793736,0.8,2.924017738212866,2.735961514682715,-894.3851662607855,32.85995230839716,0.8177411620326668,0.70331997,-156.66443482849832,21.236279279332955,True
0,50,313.0,0.0,4.00268903411551,0.0,0.8,3.9685026299204975,2.015873679831797,-1878.2156237550944,56.61522021685221,-0.0701552323825789,0.700484,1000000000.0,4.00268903411551,1.8084552985793736,0.8,3.9685026299204975,2.015873679831797,-2282.487713978296,52.544526518250095,0.8481390210018522,0.691856,-404.27209022320176,21.524264046688383,True
1,50,313.0,0.0,4.00268903411551,0.0,0.8,3.9685026299204975,2.015873679831797,-1893.9242665399252,49.31729046597819,0.4467827934115748,0.697688,1000000000.0,4.00268903411551,1.8084552985793736,0.8,3.9685026299204975,2.015873679831797,-2295.5238181439054,47.1907279388207,0.8300811127030391,0.693532,-401.5995516039802,21.204625691695483,True
2,50,313.0,0.0,4.00268903411551,0.0,0.8,3.9685026299204975,2.015873679831797,-1870.0840169367957,53.195679855108565,-0.1883859042310965,0.697664,1000000000.0,4.00268903411551,1.8084552985793736,0.8,3.9685026299204975,2.015873679831797,-2271.369099802976,51.04969127811184,0.8310773241472882,0.692464,-401.28508286618035,21.458131251422955,True
3,50,313.0,0.0,4.00268903411551,0.0,0.8,3.9685026299204975,2.015873679831797,-1873.7061550086055,65.39983221809732,0.310072721409143,0.701672,1000000000.0,4.00268903411551,1.8084552985793736,0.8,3.9685026299204975,2.015873679831797,-2319.946249197276,55.0921074254094,0.8637710765914738,0.690528,-446.24009418867035,23.815905871677135,True
4,50,313.0,0.0,4.00268903411551,0.0,0.8,3.9685026299204975,2.015873679831797,-1851.6226268813791,54.73467618083737,-0.0314392018030773,0.701556,1000000000.0,4.00268903411551,1.8084552985793736,0.8,3.9685026299204975,2.015873679831797,-2280.9227312853945,56.76091108531976,0.8291686103745345,0.692196,-429.3001044040154,23.18507552087274,True
5,50,313.0,0.0,4.00268903411551,0.0,0.8,3.9685026299204975,2.015873679831797,-1859.6417766806223,48.26596892542838,0.0901361170444445,0.69901997,1000000000.0,4.00268903411551,1.8084552985793736,0.8,3.9685026299204975,2.015873679831797,-2280.4805258662127,47.06494922611358,0.8309756715211889,0.690856,-420.83874918559036,22.630097606043716,True
6,50,313.0,0.0,4.00268903411551,0.0,0.8,3.9685026299204975,2.015873679831797,-1870.5656610629508,41.09547183769342,-0.0684928731227743,0.701136,1000000000.0,4.00268903411551,1.8084552985793736,0.8,3.9685026299204975,2.015873679831797,-2285.7912359128195,73.44865072644986,0.8183782589682697,0.692512,-415.22557484986874,22.197861507514062,True
7,50,313.0,0.0,4.00268903411551,0.0,0.8,3.9685026299204975,2.015873679831797,-1885.464937625736,51.51660748148392,0.2962972139357521,0.69865197,1000000000.0,4.00268903411551,1.8084552985793736,0.8,3.9685026299204975,2.015873679831797,-2306.4573848702366,49.96471837148405,0.839459328597735,0.68926,-420.9924472445007,22.328309524261623,True
0,100,313.0,0.0,4.00268903411551,0.0,0.8,4.999999999999999,1.6000000000000003,-3742.9118653141873,69.71839783678213,0.1935637282049949,0.698096,1000000000.0,4.00268903411551,1.8084552985793736,0.8,4.999999999999999,1.6000000000000003,-4581.98677915233,72.23787800027533,0.8391701951203695,0.69263,-839.074913838143,22.41770429098013,True
1,100,313.0,0.0,4.00268903411551,0.0,0.8,4.999999999999999,1.6000000000000003,-3736.137613660025,69.8530528811835,0.182680315667702,0.698914,1000000000.0,4.00268903411551,1.8084552985793736,0.8,4.999999999999999,1.6000000000000003,-4612.009348049318,64.80978493868709,0.8507771980761766,0.692102,-875.8717343892927,23.443240719692447,True
2,100,313.0,0.0,4.00268903411551,0.0,0.8,4.999999999999999,1.6000000000000003,-3766.599278069335,70.4307885299595,-0.2420839182893586,0.698388,1000000000.0,4.00268903411551,1.8084552985793736,0.8,4.999999999999999,1.6000000000000003,-4542.033157742192,67.63962257536988,0.8190691552545207,0.69596,-775.4338796728571,20.587108487694636,True
3,100,313.0,0.0,4.00268903411551,0.0,0.8,4.999999999999999,1.6000000000000003,-3729.206978984687,65.10470213173802,-0.0889192088891229,0.700562,1000000000.0,4.00268903411551,1.8084552985793736,0.8,4.999999999999999,1.6000000000000003,-4571.6500866265615,76.8156062909666,0.8304821442319797,0.692588,-842.4431076418746,22.590408963335094,True
4,100,313.0,0.0,4.00268903411551,0.0,0.8,4.999999999999999,1.6000000000000003,-3740.6196253898265,61.87463858824298,0.0826405029763581,0.70029,1000000000.0,4.00268903411551,1.8084552985793736,0.8,4.999999999999999,1.6000000000000003,-4658.277341346188,99.18252939856792,0.8631405743654117,0.69189,-917.6577159563617,24.532238181280686,True
5,100,313.0,0.0,4.00268903411551,0.0,0.8,4.999999999999999,1.6000000000000003,-3740.818289004396,69.88721964429115,0.0104192316022855,0.698808,1000000000.0,4.00268903411551,1.8084552985793736,0.8,4.999999999999999,1.6000000000000003,-4584.795295492537,73.50633510634826,0.8373785574262111,0.692898,-843.9770064881409,22.56129384762931,True
6,100,313.0,0.0,4.00268903411551,0.0,0.8,4.999999999999999,1.6000000000000003,-3758.034799204331,76.6069907867854,0.1416321071496422,0.697536,1000000000.0,4.00268903411551,1.8084552985793736,0.8,4.999999999999999,1.6000000000000003,-4633.46569619884,58.95440322132022,0.8565734456915362,0.690316,-875.4308969945091,23.2949119358836,True
7,100,313.0,0.0,4.00268903411551,0.0,0.8,4.999999999999999,1.6000000000000003,-3744.237299337729,67.00852572475819,0.0464100216922321,0.701384,1000000000.0,4.00268903411551,1.8084552985793736,0.8,4.999999999999999,1.6000000000000003,-4599.465694006924,68.66239779827777,0.8414593876839315,0.690866,-855.2283946691955,22.841191043646358,True
