replica,N,T_K,E_Vpm,Tstar,Estar,rho_star,L_star,alpha_ewald,mean_Estar,sd_Estar_time,mean_mz,acceptance
0,20,233.0,0.0,2.9796375237984467,0.0,0.8,2.924017738212866,2.735961514682715,-828.685824483604,27.445871238061642,-0.6782286294946211,0.65314
1,20,233.0,0.0,2.9796375237984467,0.0,0.8,2.924017738212866,2.735961514682715,-808.5759069129371,24.395167282596052,0.32739678617937296,0.65233
2,20,233.0,0.0,2.9796375237984467,0.0,0.8,2.924017738212866,2.735961514682715,-833.1491570433786,23.56598300124883,-0.28554351768725617,0.64324
3,20,233.0,0.0,2.9796375237984467,0.0,0.8,2.924017738212866,2.735961514682715,-799.7315802639267,26.893673492168308,-0.04694696719675569,0.65525997
4,20,233.0,0.0,2.9796375237984467,0.0,0.8,2.924017738212866,2.735961514682715,-847.0983381176952,26.195991940737592,0.726391528243368,0.64778
5,20,233.0,0.0,2.9796375237984467,0.0,0.8,2.924017738212866,2.735961514682715,-816.3875370916078,21.932424200831885,-0.5338772255407616,0.6495
6,20,233.0,0.0,2.9796375237984467,0.0,0.8,2.924017738212866,2.735961514682715,-822.9316760861553,26.133936211302537,0.39102899617459674,0.65055996
7,20,233.0,0.0,2.9796375237984467,0.0,0.8,2.924017738212866,2.735961514682715,-855.391691681994,30.456606831338394,0.15454391861611597,0.64002
0,20,233.0,1000000000.0,2.9796375237984467,1.8084552985793738,0.8,2.924017738212866,2.735961514682715,-1006.7949442387045,33.89361023392405,0.7986773679910256,0.6354
1,20,233.0,1000000000.0,2.9796375237984467,1.8084552985793738,0.8,2.924017738212866,2.735961514682715,-940.5897599277965,26.31720190867825,0.6152522070734527,0.65895
2,20,233.0,1000000000.0,2.9796375237984467,1.8084552985793738,0.8,2.924017738212866,2.735961514682715,-983.6248255780047,20.586236869678526,0.8314096353668581,0.63856
3,20,233.0,1000000000.0,2.9796375237984467,1.8084552985793738,0.8,2.924017738212866,2.735961514682715,-974.9717007355262,23.730823750298338,0.8553448951600936,0.64763
4,20,233.0,1000000000.0,2.9796375237984467,1.8084552985793738,0.8,2.924017738212866,2.735961514682715,-967.5004010700378,24.716078184966385,0.8324325756513961,0.64642
5,20,233.0,1000000000.0,2.9796375237984467,1.8084552985793738,0.8,2.924017738212866,2.735961514682715,-972.9966405670414,28.64320124537049,0.7890465879746146,0.63491
6,20,233.0,1000000000.0,2.9796375237984467,1.8084552985793738,0.8,2.924017738212866,2.735961514682715,-977.8789772309227,26.11853359841388,0.8385276562882428,0.64142996
7,20,233.0,1000000000.0,2.9796375237984467,1.8084552985793738,0.8,2.924017738212866,2.735961514682715,-1014.8065950776221,26.580075873510985,0.8140980747830571,0.62916
0,50,233.0,0.0,2.9796375237984467,0.0,0.8,3.9685026299204984,2.015873679831797,-2061.3776979821955,41.20012933322345,0.22807589089409724,0.644556
1,50,233.0,0.0,2.9796375237984467,0.0,0.8,3.9685026299204984,2.015873679831797,-2088.291091421092,40.64493452161484,-0.30926825760364784,0.642408
2,50,233.0,0.0,2.9796375237984467,0.0,0.8,3.9685026299204984,2.015873679831797,-2135.8857559950407,37.54326343710962,-0.5253908181617208,0.639392
3,50,233.0,0.0,2.9796375237984467,0.0,0.8,3.9685026299204984,2.015873679831797,-2058.938585419318,35.72992618193052,0.4638765341190262,0.648292
4,50,233.0,0.0,2.9796375237984467,0.0,0.8,3.9685026299204984,2.015873679831797,-2067.7669519457017,41.739059609651456,-0.3521636521526093,0.6464
5,50,233.0,0.0,2.9796375237984467,0.0,0.8,3.9685026299204984,2.015873679831797,-2078.356988285825,44.7893337726633,-0.2413021738669754,0.641572
6,50,233.0,0.0,2.9796375237984467,0.0,0.8,3.9685026299204984,2.015873679831797,-2052.0428700664197,33.197314689479,0.10806222977517768,0.645056
7,50,233.0,0.0,2.9796375237984467,0.0,0.8,3.9685026299204984,2.015873679831797,-2097.9234576847457,43.86709534031604,0.5443177581728769,0.641292
0,50,233.0,1000000000.0,2.9796375237984467,1.8084552985793738,0.8,3.9685026299204984,2.015873679831797,-2492.7679768190183,38.755438626607535,0.8825034758603464,0.6328
1,50,233.0,1000000000.0,2.9796375237984467,1.8084552985793738,0.8,3.9685026299204984,2.015873679831797,-2469.432905513111,47.145784193073084,0.8585291618715427,0.634208
2,50,233.0,1000000000.0,2.9796375237984467,1.8084552985793738,0.8,3.9685026299204984,2.015873679831797,-2475.9408496257824,38.869177650353805,0.8688273342898698,0.638012
3,50,233.0,1000000000.0,2.9796375237984467,1.8084552985793738,0.8,3.9685026299204984,2.015873679831797,-2533.8108534624416,38.10401557938218,0.8888589670732691,0.63286
4,50,233.0,1000000000.0,2.9796375237984467,1.8084552985793738,0.8,3.9685026299204984,2.015873679831797,-2468.9302855292303,41.17426666352892,0.8640256506096733,0.631428
5,50,233.0,1000000000.0,2.9796375237984467,1.8084552985793738,0.8,3.9685026299204984,2.015873679831797,-2498.0358054042413,41.292035206347244,0.8716109188552451,0.6281
6,50,233.0,1000000000.0,2.9796375237984467,1.8084552985793738,0.8,3.9685026299204984,2.015873679831797,-2534.323073844026,42.99367895915202,0.876336577399097,0.630184
7,50,233.0,1000000000.0,2.9796375237984467,1.8084552985793738,0.8,3.9685026299204984,2.015873679831797,-2479.734096845026,44.35386758273952,0.8788678023130387,0.641268
0,100,233.0,0.0,2.9796375237984467,0.0,0.8,4.999999999999999,1.6000000000000003,-4125.379770785891,48.75771434681913,-0.06863896981633442,0.642942
1,100,233.0,0.0,2.9796375237984467,0.0,0.8,4.999999999999999,1.6000000000000003,-4123.114214352753,62.0075943262199,0.08977160093735462,0.643632
2,100,233.0,0.0,2.9796375237984467,0.0,0.8,4.999999999999999,1.6000000000000003,-4158.489854336002,60.47543266479381,-0.296267516668186,0.645828
3,100,233.0,0.0,2.9796375237984467,0.0,0.8,4.999999999999999,1.6000000000000003,-4067.739868590722,61.65156260734063,0.15465646150644963,0.64487
4,100,233.0,0.0,2.9796375237984467,0.0,0.8,4.999999999999999,1.6000000000000003,-4103.20703229179,47.15656666620912,-0.002881037952430342,0.646998
5,100,233.0,0.0,2.9796375237984467,0.0,0.8,4.999999999999999,1.6000000000000003,-4104.670811445972,55.27781230880773,0.25527820714865923,0.644246
6,100,233.0,0.0,2.9796375237984467,0.0,0.8,4.999999999999999,1.6000000000000003,-4118.964557116529,52.186438152081,0.06104492905687283,0.646754
7,100,233.0,0.0,2.9796375237984467,0.0,0.8,4.999999999999999,1.6000000000000003,-4207.633824432814,52.45693752764207,-0.16897125429238455,0.640366
0,100,233.0,1000000000.0,2.9796375237984467,1.8084552985793738,0.8,4.999999999999999,1.6000000000000003,-5031.0093563032115,60.18375157447419,0.8898659889870367,0.6348
1,100,233.0,1000000000.0,2.9796375237984467,1.8084552985793738,0.8,4.999999999999999,1.6000000000000003,-5023.542514079608,74.84195155681232,0.8874043184228139,0.635928
2,100,233.0,1000000000.0,2.9796375237984467,1.8084552985793738,0.8,4.999999999999999,1.6000000000000003,-4967.6298376932145,63.517092167764304,0.8787940494799047,0.638016
3,100,233.0,1000000000.0,2.9796375237984467,1.8084552985793738,0.8,4.999999999999999,1.6000000000000003,-4994.519476723065,82.71862771741179,0.8902744723641726,0.635718
4,100,233.0,1000000000.0,2.9796375237984467,1.8084552985793738,0.8,4.999999999999999,1.6000000000000003,-5038.552860073621,90.65009251744159,0.8977116099443172,0.634084
5,100,233.0,1000000000.0,2.9796375237984467,1.8084552985793738,0.8,4.999999999999999,1.6000000000000003,-4996.356844363439,56.267993674279296,0.8689848761836407,0.63439
6,100,233.0,1000000000.0,2.9796375237984467,1.8084552985793738,0.8,4.999999999999999,1.6000000000000003,-4971.748504346228,57.848074728845475,0.8762014054167927,0.639528
7,100,233.0,1000000000.0,2.9796375237984467,1.8084552985793738,0.8,4.999999999999999,1.6000000000000003,-5068.9156802474545,53.35814857134669,0.9026118316195981,0.631488
0,20,253.0,0.0,3.2354004013777122,0.0,0.8,2.924017738212866,2.735961514682715,-783.0415545290126,25.447583409001602,0.20948883768562426,0.67629
1,20,253.0,0.0,3.2354004013777122,0.0,0.8,2.924017738212866,2.735961514682715,-787.9085655840141,27.5921627592618,0.32284709412327506,0.66708
2,20,253.0,0.0,3.2354004013777122,0.0,0.8,2.924017738212866,2.735961514682715,-821.8757214479401,23.886678197309493,-0.1542973558663155,0.65854
3,20,253.0,0.0,3.2354004013777122,0.0,0.8,2.924017738212866,2.735961514682715,-803.046545286347,28.77940846877788,-0.36769959737914276,0.66534996
4,20,253.0,0.0,3.2354004013777122,0.0,0.8,2.924017738212866,2.735961514682715,-810.8611115422486,32.58961786444359,0.6474935723072326,0.66971
5,20,253.0,0.0,3.2354004013777122,0.0,0.8,2.924017738212866,2.735961514682715,-809.0241309628082,25.479805515085534,-0.2975336662928802,0.65813
6,20,253.0,0.0,3.2354004013777122,0.0,0.8,2.924017738212866,2.735961514682715,-841.8277363589626,38.5857436405439,-0.0028708093839710166,0.6606
7,20,253.0,0.0,3.2354004013777122,0.0,0.8,2.924017738212866,2.735961514682715,-802.0889550478097,30.71099820730861,0.45259310046200046,0.66971
0,20,253.0,1000000000.0,3.2354004013777122,1.8084552985793738,0.8,2.924017738212866,2.735961514682715,-945.0865755300032,25.772535475736703,0.8095630990285406,0.66899997
1,20,253.0,1000000000.0,3.2354004013777122,1.8084552985793738,0.8,2.924017738212866,2.735961514682715,-961.6569779244118,33.739218518351834,0.8117447276353941,0.64862
2,20,253.0,1000000000.0,3.2354004013777122,1.8084552985793738,0.8,2.924017738212866,2.735961514682715,-974.6416439147469,25.213138070880188,0.8507358803812669,0.66113997
3,20,253.0,1000000000.0,3.2354004013777122,1.8084552985793738,0.8,2.924017738212866,2.735961514682715,-955.7673414807668,27.14174761578191,0.8452627416537747,0.66126996
4,20,253.0,1000000000.0,3.2354004013777122,1.8084552985793738,0.8,2.924017738212866,2.735961514682715,-944.8395580640854,26.581125496015623,0.8421711166106043,0.66466
5,20,253.0,1000000000.0,3.2354004013777122,1.8084552985793738,0.8,2.924017738212866,2.735961514682715,-952.0134017338548,22.659939437167576,0.8364085527949037,0.66740996
6,20,253.0,1000000000.0,3.2354004013777122,1.8084552985793738,0.8,2.924017738212866,2.735961514682715,-958.8575594762247,27.07988444189445,0.8498156158787428,0.66178
7,20,253.0,1000000000.0,3.2354004013777122,1.8084552985793738,0.8,2.924017738212866,2.735961514682715,-953.382262850455,26.195253560625986,0.8227564497242487,0.65731
0,50,253.0,0.0,3.2354004013777122,0.0,0.8,3.9685026299204984,2.015873679831797,-1993.4077813729537,39.41910024771028,0.1605568750028246,0.660484
1,50,253.0,0.0,3.2354004013777122,0.0,0.8,3.9685026299204984,2.015873679831797,-2033.1982247600747,35.561550329580044,-0.10381705540875773,0.660956
2,50,253.0,0.0,3.2354004013777122,0.0,0.8,3.9685026299204984,2.015873679831797,-2019.4824601345942,44.16604953203531,-0.04590107384722829,0.657456
3,50,253.0,0.0,3.2354004013777122,0.0,0.8,3.9685026299204984,2.015873679831797,-2025.4900846435671,45.016142390997516,0.08517683599140768,0.662144
4,50,253.0,0.0,3.2354004013777122,0.0,0.8,3.9685026299204984,2.015873679831797,-2033.8196415157731,50.46017479966579,-0.4788151667285038,0.659756
5,50,253.0,0.0,3.2354004013777122,0.0,0.8,3.9685026299204984,2.015873679831797,-1988.7476829032648,43.40431007605759,-0.005323778241101479,0.659904
6,50,253.0,0.0,3.2354004013777122,0.0,0.8,3.9685026299204984,2.015873679831797,-2027.3122203622959,41.08191192615087,0.15138749593654743,0.658836
7,50,253.0,0.0,3.2354004013777122,0.0,0.8,3.9685026299204984,2.015873679831797,-2024.1993426183788,40.37069456938798,0.277711785039581,0.658116
0,50,253.0,1000000000.0,3.2354004013777122,1.8084552985793738,0.8,3.9685026299204984,2.015873679831797,-2433.759521805945,42.58704665555334,0.8684176483393361,0.650164
1,50,253.0,1000000000.0,3.2354004013777122,1.8084552985793738,0.8,3.9685026299204984,2.015873679831797,-2444.6269612244255,53.59881642618498,0.8572862166592699,0.649912
2,50,253.0,1000000000.0,3.2354004013777122,1.8084552985793738,0.8,3.9685026299204984,2.015873679831797,-2411.0455820065627,44.38278995775054,0.8509038416834931,0.649512
3,50,253.0,1000000000.0,3.2354004013777122,1.8084552985793738,0.8,3.9685026299204984,2.015873679831797,-2428.6469941703017,43.295541230207355,0.8702664504418195,0.652884
4,50,253.0,1000000000.0,3.2354004013777122,1.8084552985793738,0.8,3.9685026299204984,2.015873679831797,-2447.116175865736,62.06333792518833,0.872898912136718,0.649336
5,50,253.0,1000000000.0,3.2354004013777122,1.8084552985793738,0.8,3.9685026299204984,2.015873679831797,-2440.5590374209664,42.35978836281247,0.8741131901482015,0.650684
6,50,253.0,1000000000.0,3.2354004013777122,1.8084552985793738,0.8,3.9685026299204984,2.015873679831797,-2415.4350975581347,40.924131070862124,0.8254747947503766,0.649828
7,50,253.0,1000000000.0,3.2354004013777122,1.8084552985793738,0.8,3.9685026299204984,2.015873679831797,-2441.5995947094416,50.52308386635888,0.8778744246857125,0.645304
0,100,253.0,0.0,3.2354004013777122,0.0,0.8,4.999999999999999,1.6000000000000003,-3965.4711966631053,59.77679722990802,0.07387721465556626,0.662824
1,100,253.0,0.0,3.2354004013777122,0.0,0.8,4.999999999999999,1.6000000000000003,-4011.363115428217,63.86235539789941,0.13744727210974525,0.657122
2,100,253.0,0.0,3.2354004013777122,0.0,0.8,4.999999999999999,1.6000000000000003,-4015.7762974181455,55.24613181477821,-0.15432034879290302,0.66274
3,100,253.0,0.0,3.2354004013777122,0.0,0.8,4.999999999999999,1.6000000000000003,-4026.199167012896,64.79418932610594,-0.11227823100498643,0.659956
4,100,253.0,0.0,3.2354004013777122,0.0,0.8,4.999999999999999,1.6000000000000003,-4001.285245111438,63.93342300257814,-0.1409137827045237,0.664208
5,100,253.0,0.0,3.2354004013777122,0.0,0.8,4.999999999999999,1.6000000000000003,-4065.6657030302104,53.21689456882849,0.28325417280313575,0.656608
6,100,253.0,0.0,3.2354004013777122,0.0,0.8,4.999999999999999,1.6000000000000003,-4011.09075555773,74.46566396484005,0.12183587335226408,0.663092
7,100,253.0,0.0,3.2354004013777122,0.0,0.8,4.999999999999999,1.6000000000000003,-4032.251869313544,51.88102440257954,0.052374848205512,0.657936
0,100,253.0,1000000000.0,3.2354004013777122,1.8084552985793738,0.8,4.999999999999999,1.6000000000000003,-4875.413111893146,83.99825396862504,0.861208128925013,0.652736
1,100,253.0,1000000000.0,3.2354004013777122,1.8084552985793738,0.8,4.999999999999999,1.6000000000000003,-4955.6041051705815,67.66178384217024,0.8864954145241677,0.650708
2,100,253.0,1000000000.0,3.2354004013777122,1.8084552985793738,0.8,4.999999999999999,1.6000000000000003,-4840.59090593543,76.36840843136903,0.8657218337951037,0.65409
3,100,253.0,1000000000.0,3.2354004013777122,1.8084552985793738,0.8,4.999999999999999,1.6000000000000003,-4918.066412570956,65.87910027502255,0.8796646293135505,0.65074
4,100,253.0,1000000000.0,3.2354004013777122,1.8084552985793738,0.8,4.999999999999999,1.6000000000000003,-4896.991714692258,75.37012353783214,0.8707160379685347,0.653446
5,100,253.0,1000000000.0,3.2354004013777122,1.8084552985793738,0.8,4.999999999999999,1.6000000000000003,-4936.543618194596,110.52223913906552,0.8834037128273534,0.653716
6,100,253.0,1000000000.0,3.2354004013777122,1.8084552985793738,0.8,4.999999999999999,1.6000000000000003,-4890.365553010394,84.94167696470451,0.8760987522977128,0.652664
7,100,253.0,1000000000.0,3.2354004013777122,1.8084552985793738,0.8,4.999999999999999,1.6000000000000003,-4909.961604247834,77.09360185641503,0.879893573311737,0.653334
0,20,273.0,0.0,3.491163278956978,0.0,0.8,2.924017738212866,2.735961514682715,-786.3556783022116,27.661313311351137,-0.5851103218896273,0.67772
1,20,273.0,0.0,3.491163278956978,0.0,0.8,2.924017738212866,2.735961514682715,-785.6543946825923,30.214367713947166,-0.16476584160207644,0.67789
2,20,273.0,0.0,3.491163278956978,0.0,0.8,2.924017738212866,2.735961514682715,-776.9359005472736,30.40322327588007,0.33380993168315165,0.68191
3,20,273.0,0.0,3.491163278956978,0.0,0.8,2.924017738212866,2.735961514682715,-765.3846495991464,24.576687656815636,0.22657108520229577,0.68583
4,20,273.0,0.0,3.491163278956978,0.0,0.8,2.924017738212866,2.735961514682715,-797.5803655971803,28.410974752148626,0.5365095716466162,0.67511
5,20,273.0,0.0,3.491163278956978,0.0,0.8,2.924017738212866,2.735961514682715,-793.194801170202,26.891774228727026,-0.11606250601178342,0.67805
6,20,273.0,0.0,3.491163278956978,0.0,0.8,2.924017738212866,2.735961514682715,-824.8588806823811,36.74614752609392,0.2286881289441233,0.68099
7,20,273.0,0.0,3.491163278956978,0.0,0.8,2.924017738212866,2.735961514682715,-789.6111921791347,35.260614803647464,-0.14871502535593026,0.67899996
0,20,273.0,1000000000.0,3.491163278956978,1.8084552985793738,0.8,2.924017738212866,2.735961514682715,-932.3852890584202,31.370182207499763,0.820594466607219,0.68122
1,20,273.0,1000000000.0,3.491163278956978,1.8084552985793738,0.8,2.924017738212866,2.735961514682715,-943.9222220824724,26.20743233470129,0.8542335026114726,0.67116
2,20,273.0,1000000000.0,3.491163278956978,1.8084552985793738,0.8,2.924017738212866,2.735961514682715,-947.2222824391152,32.19024073675152,0.8417234789859352,0.67188
3,20,273.0,1000000000.0,3.491163278956978,1.8084552985793738,0.8,2.924017738212866,2.735961514682715,-925.9663787534507,27.249186987843718,0.7947673405813911,0.67284
4,20,273.0,1000000000.0,3.491163278956978,1.8084552985793738,0.8,2.924017738212866,2.735961514682715,-937.8115474156192,36.08837099027746,0.843289088457186,0.67823
5,20,273.0,1000000000.0,3.491163278956978,1.8084552985793738,0.8,2.924017738212866,2.735961514682715,-950.3068045389247,28.76754091030668,0.8661319970838329,0.67421997
6,20,273.0,1000000000.0,3.491163278956978,1.8084552985793738,0.8,2.924017738212866,2.735961514682715,-931.099176040894,32.78877980718189,0.7977240960664035,0.6728
7,20,273.0,1000000000.0,3.491163278956978,1.8084552985793738,0.8,2.924017738212866,2.735961514682715,-933.2643886160869,32.66386620409181,0.8343066689755455,0.67056
0,50,273.0,0.0,3.491163278956978,0.0,0.8,3.9685026299204984,2.015873679831797,-1957.4182265344755,45.38119239914786,-0.1489869851973185,0.674336
1,50,273.0,0.0,3.491163278956978,0.0,0.8,3.9685026299204984,2.015873679831797,-1931.2584767153794,43.00407735862834,0.12594173579959284,0.677128
2,50,273.0,0.0,3.491163278956978,0.0,0.8,3.9685026299204984,2.015873679831797,-1947.6751507016363,44.28921235161149,-0.18337213059474392,0.676604
3,50,273.0,0.0,3.491163278956978,0.0,0.8,3.9685026299204984,2.015873679831797,-1980.0562136381968,41.49264210357744,0.4311714408884722,0.674528
4,50,273.0,0.0,3.491163278956978,0.0,0.8,3.9685026299204984,2.015873679831797,-1945.569109148722,50.851701121350835,-0.14478805425069494,0.673916
5,50,273.0,0.0,3.491163278956978,0.0,0.8,3.9685026299204984,2.015873679831797,-1924.2418727306551,39.1480254249854,0.0035876616097632336,0.678424
6,50,273.0,0.0,3.491163278956978,0.0,0.8,3.9685026299204984,2.015873679831797,-1963.2405539967451,54.66067220262998,0.19923644918723288,0.672772
7,50,273.0,0.0,3.491163278956978,0.0,0.8,3.9685026299204984,2.015873679831797,-1945.274071386552,44.18604377602941,0.18972530741354,0.676016
0,50,273.0,1000000000.0,3.491163278956978,1.8084552985793738,0.8,3.9685026299204984,2.015873679831797,-2359.7131232262077,42.76939824430118,0.8481945110297153,0.668616
1,50,273.0,1000000000.0,3.491163278956978,1.8084552985793738,0.8,3.9685026299204984,2.015873679831797,-2379.556178964873,53.47510908314227,0.8712167574239456,0.667968
2,50,273.0,1000000000.0,3.491163278956978,1.8084552985793738,0.8,3.9685026299204984,2.015873679831797,-2408.9700645244657,45.15770327334641,0.8593675089410816,0.6611
3,50,273.0,1000000000.0,3.491163278956978,1.8084552985793738,0.8,3.9685026299204984,2.015873679831797,-2390.6556001370245,48.78029647891212,0.8591110937273163,0.664088
4,50,273.0,1000000000.0,3.491163278956978,1.8084552985793738,0.8,3.9685026299204984,2.015873679831797,-2370.497156650982,48.548999460784856,0.8507628593271072,0.669224
5,50,273.0,1000000000.0,3.491163278956978,1.8084552985793738,0.8,3.9685026299204984,2.015873679831797,-2371.183481124589,46.361257399822755,0.8440223416869173,0.668092
6,50,273.0,1000000000.0,3.491163278956978,1.8084552985793738,0.8,3.9685026299204984,2.015873679831797,-2409.6572629898374,46.95738465807096,0.8685880465649664,0.664204
7,50,273.0,1000000000.0,3.491163278956978,1.8084552985793738,0.8,3.9685026299204984,2.015873679831797,-2392.797963167537,52.08855375789647,0.8664084982132385,0.667696
0,100,273.0,0.0,3.491163278956978,0.0,0.8,4.999999999999999,1.6000000000000003,-3890.988614505968,66.15331679378365,-0.007378618235644257,0.67739
1,100,273.0,0.0,3.491163278956978,0.0,0.8,4.999999999999999,1.6000000000000003,-3884.1115277134422,61.74856668222126,-0.03670799607440482,0.674678
2,100,273.0,0.0,3.491163278956978,0.0,0.8,4.999999999999999,1.6000000000000003,-3945.471782808241,58.315810998846835,-0.06879669992252777,0.67488
3,100,273.0,0.0,3.491163278956978,0.0,0.8,4.999999999999999,1.6000000000000003,-3950.544530780877,60.64360390910875,-0.0019873857378881125,0.670194
4,100,273.0,0.0,3.491163278956978,0.0,0.8,4.999999999999999,1.6000000000000003,-3892.641021575993,71.71691636184615,0.05818897224299852,0.67542
5,100,273.0,0.0,3.491163278956978,0.0,0.8,4.999999999999999,1.6000000000000003,-3912.5176137711965,58.40554345247242,0.26598531537031134,0.676744
6,100,273.0,0.0,3.491163278956978,0.0,0.8,4.999999999999999,1.6000000000000003,-3893.802415177542,73.18162087380385,0.13407734420040893,0.677396
7,100,273.0,0.0,3.491163278956978,0.0,0.8,4.999999999999999,1.6000000000000003,-3921.173317068908,66.58062919765591,0.01850922043162705,0.675168
0,100,273.0,1000000000.0,3.491163278956978,1.8084552985793738,0.8,4.999999999999999,1.6000000000000003,-4807.789087124722,75.41298800773136,0.8701223345791692,0.66737
1,100,273.0,1000000000.0,3.491163278956978,1.8084552985793738,0.8,4.999999999999999,1.6000000000000003,-4818.44591605277,71.15395556254393,0.8642049673270992,0.664334
2,100,273.0,1000000000.0,3.491163278956978,1.8084552985793738,0.8,4.999999999999999,1.6000000000000003,-4782.0713765736045,84.82939574960734,0.8582936318284485,0.666064
3,100,273.0,1000000000.0,3.491163278956978,1.8084552985793738,0.8,4.999999999999999,1.6000000000000003,-4817.581704825525,71.43340048709338,0.8721513263659865,0.666506
4,100,273.0,1000000000.0,3.491163278956978,1.8084552985793738,0.8,4.999999999999999,1.6000000000000003,-4806.5058731312465,72.07249812326968,0.8717227083901823,0.668834
5,100,273.0,1000000000.0,3.491163278956978,1.8084552985793738,0.8,4.999999999999999,1.6000000000000003,-4837.699520110417,59.75116540851382,0.8756665278925898,0.665472
6,100,273.0,1000000000.0,3.491163278956978,1.8084552985793738,0.8,4.999999999999999,1.6000000000000003,-4773.239594879479,70.79835658213817,0.8621641096731767,0.668084
7,100,273.0,1000000000.0,3.491163278956978,1.8084552985793738,0.8,4.999999999999999,1.6000000000000003,-4798.376459301741,63.84257705812904,0.8674240252957804,0.667408
0,20,293.0,0.0,3.746926156536244,0.0,0.8,2.924017738212866,2.735961514682715,-746.7524880690363,27.80777460471937,-0.25604189432938207,0.70057
1,20,293.0,0.0,3.746926156536244,0.0,0.8,2.924017738212866,2.735961514682715,-747.4304141960464,29.240472369455794,-0.2517279517330757,0.69364
2,20,293.0,0.0,3.746926156536244,0.0,0.8,2.924017738212866,2.735961514682715,-775.3202549263655,31.890728091421728,-0.27796434961725697,0.68926996
3,20,293.0,0.0,3.746926156536244,0.0,0.8,2.924017738212866,2.735961514682715,-748.3456458637419,31.6553766305453,0.23571741502490282,0.69554996
4,20,293.0,0.0,3.746926156536244,0.0,0.8,2.924017738212866,2.735961514682715,-754.2035239208946,28.913247024978542,0.2994293189079354,0.69602
5,20,293.0,0.0,3.746926156536244,0.0,0.8,2.924017738212866,2.735961514682715,-756.2082982493273,28.264180215668397,-0.2649769184392311,0.69674
6,20,293.0,0.0,3.746926156536244,0.0,0.8,2.924017738212866,2.735961514682715,-767.1660761788074,29.660430478234126,0.44360287888792455,0.7021
7,20,293.0,0.0,3.746926156536244,0.0,0.8,2.924017738212866,2.735961514682715,-756.2840685465111,35.74979271761364,0.22184520689508508,0.68985
0,20,293.0,1000000000.0,3.746926156536244,1.8084552985793738,0.8,2.924017738212866,2.735961514682715,-919.1140594192764,34.756647728129145,0.8222746735969584,0.68812
1,20,293.0,1000000000.0,3.746926156536244,1.8084552985793738,0.8,2.924017738212866,2.735961514682715,-905.935881770246,30.458351156903323,0.8340893241094857,0.69469
2,20,293.0,1000000000.0,3.746926156536244,1.8084552985793738,0.8,2.924017738212866,2.735961514682715,-919.2030879489463,29.908870745099353,0.8181090667597286,0.68856996
3,20,293.0,1000000000.0,3.746926156536244,1.8084552985793738,0.8,2.924017738212866,2.735961514682715,-921.0590788701396,30.43804486097985,0.8196055043190785,0.68367
4,20,293.0,1000000000.0,3.746926156536244,1.8084552985793738,0.8,2.924017738212866,2.735961514682715,-929.9114763279417,26.263206232576575,0.8381470031740457,0.68726
5,20,293.0,1000000000.0,3.746926156536244,1.8084552985793738,0.8,2.924017738212866,2.735961514682715,-922.5132830355944,42.401286327069094,0.8092129889280631,0.68715
6,20,293.0,1000000000.0,3.746926156536244,1.8084552985793738,0.8,2.924017738212866,2.735961514682715,-923.1785902161313,35.947743982587355,0.8335965108014889,0.69231
7,20,293.0,1000000000.0,3.746926156536244,1.8084552985793738,0.8,2.924017738212866,2.735961514682715,-904.3402773382164,35.16443292539265,0.8072741868495238,0.68992
0,50,293.0,0.0,3.746926156536244,0.0,0.8,3.9685026299204984,2.015873679831797,-1916.494817828064,41.25871180321695,-0.017079628738004483,0.685612
1,50,293.0,0.0,3.746926156536244,0.0,0.8,3.9685026299204984,2.015873679831797,-1920.1769256298128,51.56830364841736,-0.10447484646934152,0.682308
2,50,293.0,0.0,3.746926156536244,0.0,0.8,3.9685026299204984,2.015873679831797,-1922.9284895944822,44.41556649770236,-0.21261931089328107,0.689636
3,50,293.0,0.0,3.746926156536244,0.0,0.8,3.9685026299204984,2.015873679831797,-1938.1046791548524,50.428109276188835,0.40881841214967346,0.688576
4,50,293.0,0.0,3.746926156536244,0.0,0.8,3.9685026299204984,2.015873679831797,-1928.5830219125705,45.09102487012688,-0.09756439470227546,0.688
5,50,293.0,0.0,3.746926156536244,0.0,0.8,3.9685026299204984,2.015873679831797,-1935.2871175362634,46.57744715008265,0.14162309350893929,0.686264
6,50,293.0,0.0,3.746926156536244,0.0,0.8,3.9685026299204984,2.015873679831797,-1922.5527705911106,50.18942768013556,0.4116572043330788,0.686848
7,50,293.0,0.0,3.746926156536244,0.0,0.8,3.9685026299204984,2.015873679831797,-1944.4382233974598,44.638009829463535,0.44822114990032236,0.684176
0,50,293.0,1000000000.0,3.746926156536244,1.8084552985793738,0.8,3.9685026299204984,2.015873679831797,-2344.314411484296,55.16008411149933,0.8546036927573214,0.67868
1,50,293.0,1000000000.0,3.746926156536244,1.8084552985793738,0.8,3.9685026299204984,2.015873679831797,-2339.0672324989046,55.29984413388553,0.8409571856230963,0.67756
2,50,293.0,1000000000.0,3.746926156536244,1.8084552985793738,0.8,3.9685026299204984,2.015873679831797,-2317.646843031242,49.59588109730059,0.806532317030299,0.679756
3,50,293.0,1000000000.0,3.746926156536244,1.8084552985793738,0.8,3.9685026299204984,2.015873679831797,-2323.8979002566243,43.87084404337055,0.8378611810932645,0.680728
4,50,293.0,1000000000.0,3.746926156536244,1.8084552985793738,0.8,3.9685026299204984,2.015873679831797,-2307.229611908958,47.542325930682296,0.8435135156764246,0.682188
5,50,293.0,1000000000.0,3.746926156536244,1.8084552985793738,0.8,3.9685026299204984,2.015873679831797,-2332.5578445313495,55.29025209347165,0.8320804678588596,0.679136
6,50,293.0,1000000000.0,3.746926156536244,1.8084552985793738,0.8,3.9685026299204984,2.015873679831797,-2300.099538197061,71.62633307384694,0.8177383039338172,0.682188
7,50,293.0,1000000000.0,3.746926156536244,1.8084552985793738,0.8,3.9685026299204984,2.015873679831797,-2318.141009239522,50.9442645572025,0.8303269838031865,0.677972
0,100,293.0,0.0,3.746926156536244,0.0,0.8,4.999999999999999,1.6000000000000003,-3813.6221322599845,62.520006959887546,-0.022239349158564965,0.688562
1,100,293.0,0.0,3.746926156536244,0.0,0.8,4.999999999999999,1.6000000000000003,-3801.0127627285665,78.83541980133401,0.2712221571788667,0.687162
2,100,293.0,0.0,3.746926156536244,0.0,0.8,4.999999999999999,1.6000000000000003,-3859.4532696386545,62.85310903711189,-0.006265823146681789,0.688092
3,100,293.0,0.0,3.746926156536244,0.0,0.8,4.999999999999999,1.6000000000000003,-3813.9081963271146,64.11159405587064,-0.2805295916409849,0.68903
4,100,293.0,0.0,3.746926156536244,0.0,0.8,4.999999999999999,1.6000000000000003,-3814.6535940792483,63.264845456476266,-0.09743731601709871,0.690328
5,100,293.0,0.0,3.746926156536244,0.0,0.8,4.999999999999999,1.6000000000000003,-3826.3880339593375,67.6136576097115,0.019713125055411476,0.685018
6,100,293.0,0.0,3.746926156536244,0.0,0.8,4.999999999999999,1.6000000000000003,-3824.6292779687196,70.91993997928765,0.060654554352419156,0.689328
7,100,293.0,0.0,3.746926156536244,0.0,0.8,4.999999999999999,1.6000000000000003,-3807.4616499250938,69.34907318347575,0.07536595225645225,0.687302
0,100,293.0,1000000000.0,3.746926156536244,1.8084552985793738,0.8,4.999999999999999,1.6000000000000003,-4721.1094532205425,84.52540827206079,0.854956020336825,0.67727
1,100,293.0,1000000000.0,3.746926156536244,1.8084552985793738,0.8,4.999999999999999,1.6000000000000003,-4673.882963853555,72.1584099641562,0.8522731297769689,0.682354
2,100,293.0,1000000000.0,3.746926156536244,1.8084552985793738,0.8,4.999999999999999,1.6000000000000003,-4668.4595986815275,66.48570934586061,0.8615694638237347,0.682558
3,100,293.0,1000000000.0,3.746926156536244,1.8084552985793738,0.8,4.999999999999999,1.6000000000000003,-4692.973211646505,64.61337596049677,0.8651060136437468,0.682742
4,100,293.0,1000000000.0,3.746926156536244,1.8084552985793738,0.8,4.999999999999999,1.6000000000000003,-4665.705058647622,60.73405646510388,0.8499243476821391,0.683246
5,100,293.0,1000000000.0,3.746926156536244,1.8084552985793738,0.8,4.999999999999999,1.6000000000000003,-4694.394820815755,65.19597080337194,0.8517071578802968,0.67944
6,100,293.0,1000000000.0,3.746926156536244,1.8084552985793738,0.8,4.999999999999999,1.6000000000000003,-4700.356683898653,67.2596844315617,0.8597132664769176,0.68022
7,100,293.0,1000000000.0,3.746926156536244,1.8084552985793738,0.8,4.999999999999999,1.6000000000000003,-4692.256251281153,62.64794899894176,0.8512615840461875,0.680678
0,20,313.0,0.0,4.00268903411551,0.0,0.8,2.924017738212866,2.735961514682715,-761.8780672993083,31.651338863630833,-0.10758408057330021,0.70355
1,20,313.0,0.0,4.00268903411551,0.0,0.8,2.924017738212866,2.735961514682715,-749.7319686806318,33.63652714181313,0.14746121408042753,0.70697
2,20,313.0,0.0,4.00268903411551,0.0,0.8,2.924017738212866,2.735961514682715,-756.7618407913402,27.266038266673835,-0.1795124924066094,0.69644
3,20,313.0,0.0,4.00268903411551,0.0,0.8,2.924017738212866,2.735961514682715,-750.8544526346333,37.257000724727284,0.22977849350344554,0.70067
4,20,313.0,0.0,4.00268903411551,0.0,0.8,2.924017738212866,2.735961514682715,-752.9692757678349,31.415576819093996,0.4734468257856256,0.70651996
5,20,313.0,0.0,4.00268903411551,0.0,0.8,2.924017738212866,2.735961514682715,-749.6985170807679,35.93077502825841,-0.23396641991449596,0.70425
6,20,313.0,0.0,4.00268903411551,0.0,0.8,2.924017738212866,2.735961514682715,-761.385595830674,34.533296111029934,0.1678712291991698,0.70326996
7,20,313.0,0.0,4.00268903411551,0.0,0.8,2.924017738212866,2.735961514682715,-737.7207314322872,27.135879457934603,-0.027785768515825555,0.70883
0,20,313.0,1000000000.0,4.00268903411551,1.8084552985793738,0.8,2.924017738212866,2.735961514682715,-891.1557754477311,35.74814347153987,0.7949110563814393,0.70186996
1,20,313.0,1000000000.0,4.00268903411551,1.8084552985793738,0.8,2.924017738212866,2.735961514682715,-891.6367665948372,35.83882194586994,0.8121078147333249,0.70127
2,20,313.0,1000000000.0,4.00268903411551,1.8084552985793738,0.8,2.924017738212866,2.735961514682715,-913.1806281733897,32.598331310365694,0.8140172741760267,0.69172996
3,20,313.0,1000000000.0,4.00268903411551,1.8084552985793738,0.8,2.924017738212866,2.735961514682715,-893.5402489835311,28.40133087868531,0.7858743441428587,0.69701
4,20,313.0,1000000000.0,4.00268903411551,1.8084552985793738,0.8,2.924017738212866,2.735961514682715,-893.9566312060352,37.98849715577541,0.7646747941682714,0.69816
5,20,313.0,1000000000.0,4.00268903411551,1.8084552985793738,0.8,2.924017738212866,2.735961514682715,-907.0332088379961,32.45182477962466,0.835232530615581,0.69628
6,20,313.0,1000000000.0,4.00268903411551,1.8084552985793738,0.8,2.924017738212866,2.735961514682715,-900.3036138482321,29.021934719361504,0.8113133722829305,0.70342
7,20,313.0,1000000000.0,4.00268903411551,1.8084552985793738,0.8,2.924017738212866,2.735961514682715,-894.3851662607855,32.85995230839716,0.8177411620326668,0.70331997
0,50,313.0,0.0,4.00268903411551,0.0,0.8,3.9685026299204984,2.015873679831797,-1878.2156237550942,56.61522021685221,-0.07015523238257891,0.700484
1,50,313.0,0.0,4.00268903411551,0.0,0.8,3.9685026299204984,2.015873679831797,-1893.9242665399254,49.31729046597819,0.44678279341157484,0.697688
2,50,313.0,0.0,4.00268903411551,0.0,0.8,3.9685026299204984,2.015873679831797,-1870.0840169367955,53.195679855108565,-0.1883859042310965,0.697664
3,50,313.0,0.0,4.00268903411551,0.0,0.8,3.9685026299204984,2.015873679831797,-1873.7061550086057,65.39983221809732,0.31007272140914305,0.701672
4,50,313.0,0.0,4.00268903411551,0.0,0.8,3.9685026299204984,2.015873679831797,-1851.6226268813791,54.73467618083737,-0.031439201803077396,0.701556
5,50,313.0,0.0,4.00268903411551,0.0,0.8,3.9685026299204984,2.015873679831797,-1859.6417766806223,48.26596892542838,0.09013611704444457,0.69901997
6,50,313.0,0.0,4.00268903411551,0.0,0.8,3.9685026299204984,2.015873679831797,-1870.5656610629508,41.09547183769342,-0.06849287312277436,0.701136
7,50,313.0,0.0,4.00268903411551,0.0,0.8,3.9685026299204984,2.015873679831797,-1885.4649376257362,51.51660748148392,0.2962972139357521,0.69865197
0,50,313.0,1000000000.0,4.00268903411551,1.8084552985793738,0.8,3.9685026299204984,2.015873679831797,-2282.487713978296,52.544526518250095,0.8481390210018522,0.691856
1,50,313.0,1000000000.0,4.00268903411551,1.8084552985793738,0.8,3.9685026299204984,2.015873679831797,-2295.5238181439054,47.1907279388207,0.8300811127030391,0.693532
2,50,313.0,1000000000.0,4.00268903411551,1.8084552985793738,0.8,3.9685026299204984,2.015873679831797,-2271.3690998029756,51.04969127811184,0.8310773241472882,0.692464
3,50,313.0,1000000000.0,4.00268903411551,1.8084552985793738,0.8,3.9685026299204984,2.015873679831797,-2319.946249197276,55.0921074254094,0.8637710765914738,0.690528
4,50,313.0,1000000000.0,4.00268903411551,1.8084552985793738,0.8,3.9685026299204984,2.015873679831797,-2280.9227312853945,56.760911085319755,0.8291686103745345,0.692196
5,50,313.0,1000000000.0,4.00268903411551,1.8084552985793738,0.8,3.9685026299204984,2.015873679831797,-2280.4805258662127,47.06494922611358,0.8309756715211889,0.690856
6,50,313.0,1000000000.0,4.00268903411551,1.8084552985793738,0.8,3.9685026299204984,2.015873679831797,-2285.7912359128195,73.44865072644986,0.8183782589682697,0.692512
7,50,313.0,1000000000.0,4.00268903411551,1.8084552985793738,0.8,3.9685026299204984,2.015873679831797,-2306.4573848702366,49.964718371484054,0.839459328597735,0.68926
0,100,313.0,0.0,4.00268903411551,0.0,0.8,4.999999999999999,1.6000000000000003,-3742.9118653141873,69.71839783678213,0.19356372820499498,0.698096
1,100,313.0,0.0,4.00268903411551,0.0,0.8,4.999999999999999,1.6000000000000003,-3736.137613660025,69.8530528811835,0.18268031566770201,0.698914
2,100,313.0,0.0,4.00268903411551,0.0,0.8,4.999999999999999,1.6000000000000003,-3766.599278069335,70.4307885299595,-0.24208391828935866,0.698388
3,100,313.0,0.0,4.00268903411551,0.0,0.8,4.999999999999999,1.6000000000000003,-3729.206978984687,65.10470213173802,-0.08891920888912297,0.700562
4,100,313.0,0.0,4.00268903411551,0.0,0.8,4.999999999999999,1.6000000000000003,-3740.6196253898265,61.87463858824298,0.08264050297635818,0.70029
5,100,313.0,0.0,4.00268903411551,0.0,0.8,4.999999999999999,1.6000000000000003,-3740.8182890043963,69.88721964429115,0.010419231602285516,0.698808
6,100,313.0,0.0,4.00268903411551,0.0,0.8,4.999999999999999,1.6000000000000003,-3758.034799204331,76.6069907867854,0.14163210714964222,0.697536
7,100,313.0,0.0,4.00268903411551,0.0,0.8,4.999999999999999,1.6000000000000003,-3744.2372993377285,67.00852572475819,0.046410021692232156,0.701384
0,100,313.0,1000000000.0,4.00268903411551,1.8084552985793738,0.8,4.999999999999999,1.6000000000000003,-4581.98677915233,72.23787800027533,0.8391701951203695,0.69263
1,100,313.0,1000000000.0,4.00268903411551,1.8084552985793738,0.8,4.999999999999999,1.6000000000000003,-4612.009348049318,64.80978493868709,0.8507771980761766,0.692102
2,100,313.0,1000000000.0,4.00268903411551,1.8084552985793738,0.8,4.999999999999999,1.6000000000000003,-4542.033157742192,67.63962257536988,0.8190691552545207,0.69596
3,100,313.0,1000000000.0,4.00268903411551,1.8084552985793738,0.8,4.999999999999999,1.6000000000000003,-4571.6500866265615,76.8156062909666,0.8304821442319797,0.692588
4,100,313.0,1000000000.0,4.00268903411551,1.8084552985793738,0.8,4.999999999999999,1.6000000000000003,-4658.277341346188,99.18252939856792,0.8631405743654117,0.69189
5,100,313.0,1000000000.0,4.00268903411551,1.8084552985793738,0.8,4.999999999999999,1.6000000000000003,-4584.795295492537,73.50633510634826,0.8373785574262111,0.692898
6,100,313.0,1000000000.0,4.00268903411551,1.8084552985793738,0.8,4.999999999999999,1.6000000000000003,-4633.46569619884,58.95440322132022,0.8565734456915362,0.690316
7,100,313.0,1000000000.0,4.00268903411551,1.8084552985793738,0.8,4.999999999999999,1.6000000000000003,-4599.465694006924,68.66239779827777,0.8414593876839315,0.690866
